model,precision,recall,tpr,fpr
GaussianNB,0.9915451672752226,0.9833477563160061,0.9833477563160061,0.0341968201754386
DecisionTree,0.9993279908606757,0.9995211009636793,0.9995211009636793,0.0027412280701754384
RandomForest,0.9998823361320525,0.9995463061761172,0.9995463061761172,0.00047971491228070173
